text_id,text,toxicity,is_noise_or_spam_text
S001,"Saya setuju dengan usulan itu karena cukup jelas.","['0','0']","['0','0']"
S002,"Terima kasih sudah membagikan informasi yang berguna.","['0','0']","['0','0']"
S003,"Mari kita diskusikan masalahnya dengan tenang.","['0','0']","['0','0']"
S004,"Saya belum yakin, tetapi argumennya bisa dipertimbangkan.","['0','0']","['0','0']"
S005,"Data ini perlu dicek ulang sebelum disebarkan.","['0','0']","['0','0']"
S006,"Semoga rapat besok menghasilkan keputusan yang baik.","['0','0']","['0','0']"
S007,"Pendapatmu berbeda, namun tetap saya hormati.","['0','0']","['0','0']"
S008,"Link sumbernya ada di https://contoh.id/laporan.","['0','0']","['0','0']"
S009,"@teman Tolong kirimkan dokumen finalnya ya.","['0','0']","['0','0']"
S010,"Kritik yang baik seharusnya disertai alasan.","['0','0']","['0','0']"
S011,"Saya tidak setuju dengan kebijakan itu, tetapi tidak perlu menghina.","['0','0']","['0','0']"
S012,"Diskusi ini membantu saya memahami topiknya.","['0','0']","['0','0']"
S013,"Kamu bodoh sekali dan tidak mau belajar.","['1','1']","['0','0']"
S014,"Dasar pembohong, semua ucapanmu tidak bisa dipercaya.","['1','1']","['0','0']"
S015,"Saya harap kamu gagal karena kamu menyebalkan.","['1','1']","['0','0']"
S016,"Komentarmu sangat buruk dan memalukan.","['1','1']","['0','0']"
S017,"Jangan ganggu orang lain dengan kata kasar seperti itu.","['1','1']","['0','0']"
S018,"Kamu memang tidak berguna dalam kerja tim.","['1','1']","['0','0']"
S019,"Berhenti menulis omong kosong di sini.","['1','1']","['0','0']"
S020,"Aku muak melihat sikapmu yang kasar.","['1','1']","['0','0']"
S021,"BODOH!!! komentar seperti ini tidak membantu.","['1','1']","['0','0']"
S022,"Dia selalu meremehkan orang lain, itu sangat menyakitkan.","['1','1']","['0','0']"
S023,"Kamu bodoh sekali dan tidak mau belajar!!!","['1','1']","['0','0']"
S024,"Terima kasih sudah membagikan informasi yang berguna.","['0','0']","['0','0']"
S025,"Saya setuju dengan usulan itu karena cukup jelas.","['0','1']","['0','0']"
S026,"Kalimat ini bisa dianggap keras tergantung konteksnya.","['1','0']","['0','0']"
S027,"Konten promosi berulang, klik tautan ini sekarang.","['0','0']","['1','1']"
S028,"Dapatkan hadiah gratis sekarang juga, klik tautan ini.","['1','1']","['1','1']"
S029,"Pesan tidak jelas dan hanya berisi tautan promosi.","['0','0']","['1','0']"
S030,"Saya hanya menerima satu anotasi tetapi teksnya netral.","['0']","['0']"
S031,"Kamu benar benar menyebalkan.","['1']","['0']"
S032,"Mari cek fakta sebelum membuat kesimpulan.","['0','0']","['0','0']"
S033,"Komentar itu menghina dan tidak pantas.","['1','1']","['0','0']"
S034,"Saya menghargai masukan yang disampaikan dengan sopan.","['0','0']","['0','0']"
S035,"Jangan gunakan kata kata kasar ketika berbeda pendapat.","['0','0']","['0','0']"
S036,"Kamu selalu membuat masalah, benar benar tidak kompeten.","['1','1']","['0','0']"
S037,"Terima kasih kepada semua relawan yang membantu.","['0','0']","['0','0']"
S038,"Ini laporan yang panjang, mohon dibaca sampai selesai.","['0','0']","['0','0']"
S039,"Kritik boleh, serangan pribadi jangan.","['0','0']","['0','0']"
S040,"Kamu tidak layak dipercaya sama sekali.","['1','1']","['0','0']"
S041,"ok","['0','0']","['0','0']"
S042,"","['0','0']","['0','0']"
