variant,split,row_count,avg_char_length,median_char_length,avg_word_count,empty_text_count,url_count,mention_count
p_a_raw,train,7073,341.89,156.0,48.32,0,77,799
p_a_raw,validation,884,338.28,159.5,47.56,0,13,109
p_a_raw,test,885,350.94,160.0,49.81,0,13,82
p_b_heavy,train,7073,289.47,132.0,40.53,0,0,0
p_b_heavy,validation,884,285.0,138.5,39.8,0,0,0
p_b_heavy,test,885,299.43,136.0,42.41,0,0,0
p_c_minimal,train,7073,336.22,154.0,48.42,0,0,0
p_c_minimal,validation,884,331.72,159.0,47.69,0,0,0
p_c_minimal,test,885,345.59,158.0,49.89,0,0,0
