sample_number,text_id,toxicity_label,text_raw,p_a_raw,p_b_heavy,p_c_minimal
1,1-3713,0,orang gila setengah 2 pagi belum tidur,orang gila setengah 2 pagi belum tidur,orang gila setengah pagi tidur,orang gila setengah 2 pagi belum tidur
2,1-3196,0,"Little Project 2 anggota pasukan khusus IDF diledakkan DIDUGA BANYAK IDF YANG TEWAS ISRAEL TAWARKAN GENCATAN 7 JAM Gaza ibarat jebakan betmen, semakin ke dalam semakin berbahaya. IDF yang mencoba menguasai RS Shifa tadi malam mendapat serangan balasan mendadak yang membuat mereka kelabakan dan kini sibuk mencari mayat tentaranya. Tanpa ada angin dan hujan petir, IsraeI tiba-tiba menetapkan sepihak gencatan senjata 7 jam hari ini.

Hal itu terjadi pasca serangan balik pejuang kemarin malam, di sekitar Rumah Sakit Shifa. Mereka sendiri yang memutus listrik, mereka malah jadi sasaran empuk. Bahkan ada yang tersesat dan akhirnya dikepung.

Gencatan senjata 7 jam diyakini adalah upaya mereka untuk mengevakuasi mayat-mayat tentaranya, serta menyelamatkan yang terluka.","Little Project 2 anggota pasukan khusus IDF diledakkan DIDUGA BANYAK IDF YANG TEWAS ISRAEL TAWARKAN GENCATAN 7 JAM Gaza ibarat jebakan betmen, semakin ke dalam semakin berbahaya. IDF yang mencoba menguasai RS Shifa tadi malam mendapat serangan balasan mendadak yang membuat mereka kelabakan dan kini sibuk mencari mayat tentaranya. Tanpa ada angin dan hujan petir, IsraeI tiba-tiba menetapkan sepihak gencatan senjata 7 jam hari ini.

Hal itu terjadi pasca serangan balik pejuang kemarin malam, di sekitar Rumah Sakit Shifa. Mereka sendiri yang memutus listrik, mereka malah jadi sasaran empuk. Bahkan ada yang tersesat dan akhirnya dikepung.

Gencatan senjata 7 jam diyakini adalah upaya mereka untuk mengevakuasi mayat-mayat tentaranya, serta menyelamatkan yang terluka.",little project anggota pasukan khusus idf diledakkan diduga banyak idf tewas israel tawarkan gencatan jam gaza ibarat jebakan betmen semakin semakin berbahaya idf mencoba menguasai rs shifa tadi malam mendapat serangan balasan mendadak membuat kelabakan kini sibuk mencari mayat tentaranya tanpa angin hujan petir israei tiba tiba menetapkan sepihak gencatan senjata jam hari hal terjadi pasca serangan balik pejuang kemarin malam sekitar rumah sakit shifa sendiri memutus listrik malah jadi sasaran empuk bahkan tersesat akhirnya dikepung gencatan senjata jam diyakini adalah upaya mengevakuasi mayat mayat tentaranya serta menyelamatkan terluka,"Little Project 2 anggota pasukan khusus IDF diledakkan DIDUGA BANYAK IDF YANG TEWAS ISRAEL TAWARKAN GENCATAN 7 JAM Gaza ibarat jebakan betmen, semakin ke dalam semakin berbahaya. IDF yang mencoba menguasai RS Shifa tadi malam mendapat serangan balasan mendadak yang membuat mereka kelabakan dan kini sibuk mencari mayat tentaranya. Tanpa ada angin dan hujan petir, IsraeI tiba-tiba menetapkan sepihak gencatan senjata 7 jam hari ini. Hal itu terjadi pasca serangan balik pejuang kemarin malam, di sekitar Rumah Sakit Shifa. Mereka sendiri yang memutus listrik, mereka malah jadi sasaran empuk. Bahkan ada yang tersesat dan akhirnya dikepung. Gencatan senjata 7 jam diyakini adalah upaya mereka untuk mengevakuasi mayat-mayat tentaranya, serta menyelamatkan yang terluka."
3,4-914,0,dalam Video Ini Pengungsi Rohingya Tiba di Pantai Mandalika,dalam Video Ini Pengungsi Rohingya Tiba di Pantai Mandalika,video pengungsi rohingya tiba pantai mandalika,dalam Video Ini Pengungsi Rohingya Tiba di Pantai Mandalika
4,1-4186,0,"Guys, selain orang Sangihe pertama, dia juga raja Katolik Indonesia pertama yang menjadi pahlawan nasional. Ini karena dia gigih melawan Belanda.
.
.
Selengkapnya, ada di web H (link di bio) dengan judul sesuai postingan di atas.
.
.
#voc #batahasantiago #pahlawannasional #faktasejarah #artikelhistoriaid #artikelhistoria #historia #historiaid #historiadotid #majalahhistoria #historiaartikel #dirumahaja #workfromhome","Guys, selain orang Sangihe pertama, dia juga raja Katolik Indonesia pertama yang menjadi pahlawan nasional. Ini karena dia gigih melawan Belanda.
.
.
Selengkapnya, ada di web H (link di bio) dengan judul sesuai postingan di atas.
.
.
#voc #batahasantiago #pahlawannasional #faktasejarah #artikelhistoriaid #artikelhistoria #historia #historiaid #historiadotid #majalahhistoria #historiaartikel #dirumahaja #workfromhome",guys selain orang sangihe pertama raja katolik indonesia pertama menjadi pahlawan nasional gigih melawan belanda selengkapnya web h link bio judul sesuai postingan atas voc batahasantiago pahlawannasional faktasejarah artikelhistoriaid artikelhistoria historia historiaid historiadotid majalahhistoria historiaartikel dirumahaja workfromhome,"Guys, selain orang Sangihe pertama, dia juga raja Katolik Indonesia pertama yang menjadi pahlawan nasional. Ini karena dia gigih melawan Belanda. . . Selengkapnya, ada di web H (link di bio) dengan judul sesuai postingan di atas. . . voc batahasantiago pahlawannasional faktasejarah artikelhistoriaid artikelhistoria historia historiaid historiadotid majalahhistoria historiaartikel dirumahaja workfromhome"
5,2-1472,1,Macam mana dari sekecil kecil perkara sampai perkara besar bersangkut paut dengan bangsa yahudi ni. Memang bangsa majal,Macam mana dari sekecil kecil perkara sampai perkara besar bersangkut paut dengan bangsa yahudi ni. Memang bangsa majal,macam mana sekecil kecil perkara sampai perkara besar bersangkut paut bangsa yahudi ni memang bangsa majal,Macam mana dari sekecil kecil perkara sampai perkara besar bersangkut paut dengan bangsa yahudi ni. Memang bangsa majal
6,3-693,1,"Bantuan indonesia berupa makanan, obat2an & bahan kebutuhan pokok lain msh blm bisa masuk gaza.. disebabkan mesir blm berani membuka jalur rafah, krn dilarang oleh israhell yg berspekulasi liar, bhw bantuan2 tsb bisa saja tdpt senjata.. gila gak?","Bantuan indonesia berupa makanan, obat2an & bahan kebutuhan pokok lain msh blm bisa masuk gaza.. disebabkan mesir blm berani membuka jalur rafah, krn dilarang oleh israhell yg berspekulasi liar, bhw bantuan2 tsb bisa saja tdpt senjata.. gila gak?",bantuan indonesia berupa makanan obat an bahan kebutuhan pokok lain msh blm bisa masuk gaza disebabkan mesir blm berani membuka jalur rafah krn dilarang israhell yg berspekulasi liar bhw bantuan tsb bisa tdpt senjata gila gak,"Bantuan indonesia berupa makanan, obat2an & bahan kebutuhan pokok lain msh blm bisa masuk gaza.. disebabkan mesir blm berani membuka jalur rafah, krn dilarang oleh israhell yg berspekulasi liar, bhw bantuan2 tsb bisa saja tdpt senjata.. gila gak?"
7,1-5667,0,Anaknya dapat PR dari guru untuk hitung beras sampai sepuluh ribu butir. Satu keluarga di China ini jadi emosi karena harus beras butir per butir.,Anaknya dapat PR dari guru untuk hitung beras sampai sepuluh ribu butir. Satu keluarga di China ini jadi emosi karena harus beras butir per butir.,anaknya dapat pr guru hitung beras sampai sepuluh ribu butir satu keluarga china jadi emosi harus beras butir per butir,Anaknya dapat PR dari guru untuk hitung beras sampai sepuluh ribu butir. Satu keluarga di China ini jadi emosi karena harus beras butir per butir.
8,1-950,0,"Ahli sejarah dan Hadis dari kalangan Sunah maupun Syiah sepakat bahwa tdk ada satupun pria dari kalangan Quraisy, baik itu dari kalangan para pemuka, maupun saudagar kaya mendambakan pernikahan dgn Khadijah dan telah melamar beliau namun ditolaknya dgn halus. #KhadijahPembelaNabi","Ahli sejarah dan Hadis dari kalangan Sunah maupun Syiah sepakat bahwa tdk ada satupun pria dari kalangan Quraisy, baik itu dari kalangan para pemuka, maupun saudagar kaya mendambakan pernikahan dgn Khadijah dan telah melamar beliau namun ditolaknya dgn halus. #KhadijahPembelaNabi",ahli sejarah hadis kalangan sunah maupun syiah sepakat bahwa tdk satupun pria kalangan quraisy baik kalangan para pemuka maupun saudagar kaya mendambakan pernikahan dgn khadijah telah melamar beliau namun ditolaknya dgn halus khadijahpembelanabi,"Ahli sejarah dan Hadis dari kalangan Sunah maupun Syiah sepakat bahwa tdk ada satupun pria dari kalangan Quraisy, baik itu dari kalangan para pemuka, maupun saudagar kaya mendambakan pernikahan dgn Khadijah dan telah melamar beliau namun ditolaknya dgn halus. KhadijahPembelaNabi"
9,1-1819,0,"4MAZE NEWSFEEDS Israel Akui Ingin Pindah Paksa 2 Juta Warga Gaza ke Sinai, Mesir PHOTO: CTVNEWS Dokumen rahasia yang bocor pekan lalu membeberkan rencana pemerintah Israel mengusir paksa 2,3 juta warga Gaza ke Sinai, Mesir secara permanen. Kini, keaslian proposalnya telah dikonfirmasi langsung oleh pejabat tinggi Israel.⁠
⁠
Dalam dokumen tertanggal 13 Oktober 2023, Badan Intelijen Israel mengusulkan pemindahan paksa 2,3 juta warga Palestina dari Gaza ke Semenanjung Sinai, Mesir. Dokumen intelijen itu menyebut langkah ini sebagai ’solusi terbaik untuk keamanan Israel.⁠’
⁠
Selama proses itu berlangsung, dokumen itu mengusulkan agar warga sipil Gaza diharuskan tinggal di “kota-kota tenda”, alias tempat pengungsian sementara.

Sebelumnya, Israel menginstruksikan warga sipil Gaza untuk mengosongkan Gaza utara sebelum operasi darat mereka lancarkan. Dokumen mengungkapkan rencana operasi darat berurutan dari utara ke selatan Gaza.

Pemindahan paksa besar-besaran, seperti yang diusulkan, dianggap sebagai ""deklarasi perang baru"" oleh juru bicara Presiden Palestina Mahmoud Abbas.","4MAZE NEWSFEEDS Israel Akui Ingin Pindah Paksa 2 Juta Warga Gaza ke Sinai, Mesir PHOTO: CTVNEWS Dokumen rahasia yang bocor pekan lalu membeberkan rencana pemerintah Israel mengusir paksa 2,3 juta warga Gaza ke Sinai, Mesir secara permanen. Kini, keaslian proposalnya telah dikonfirmasi langsung oleh pejabat tinggi Israel.⁠
⁠
Dalam dokumen tertanggal 13 Oktober 2023, Badan Intelijen Israel mengusulkan pemindahan paksa 2,3 juta warga Palestina dari Gaza ke Semenanjung Sinai, Mesir. Dokumen intelijen itu menyebut langkah ini sebagai ’solusi terbaik untuk keamanan Israel.⁠’
⁠
Selama proses itu berlangsung, dokumen itu mengusulkan agar warga sipil Gaza diharuskan tinggal di “kota-kota tenda”, alias tempat pengungsian sementara.

Sebelumnya, Israel menginstruksikan warga sipil Gaza untuk mengosongkan Gaza utara sebelum operasi darat mereka lancarkan. Dokumen mengungkapkan rencana operasi darat berurutan dari utara ke selatan Gaza.

Pemindahan paksa besar-besaran, seperti yang diusulkan, dianggap sebagai ""deklarasi perang baru"" oleh juru bicara Presiden Palestina Mahmoud Abbas.",maze newsfeeds israel akui ingin pindah paksa juta warga gaza sinai mesir photo ctvnews dokumen rahasia bocor pekan lalu membeberkan rencana pemerintah israel mengusir paksa juta warga gaza sinai mesir secara permanen kini keaslian proposalnya telah dikonfirmasi langsung pejabat tinggi israel dokumen tertanggal oktober badan intelijen israel mengusulkan pemindahan paksa juta warga palestina gaza semenanjung sinai mesir dokumen intelijen menyebut langkah solusi terbaik keamanan israel selama proses berlangsung dokumen mengusulkan warga sipil gaza diharuskan tinggal kota kota tenda alias tempat pengungsian sementara sebelumnya israel menginstruksikan warga sipil gaza mengosongkan gaza utara sebelum operasi darat lancarkan dokumen mengungkapkan rencana operasi darat berurutan utara selatan gaza pemindahan paksa besar besaran seperti diusulkan dianggap deklarasi perang baru juru bicara presiden palestina mahmoud abbas,"4MAZE NEWSFEEDS Israel Akui Ingin Pindah Paksa 2 Juta Warga Gaza ke Sinai, Mesir PHOTO: CTVNEWS Dokumen rahasia yang bocor pekan lalu membeberkan rencana pemerintah Israel mengusir paksa 2,3 juta warga Gaza ke Sinai, Mesir secara permanen. Kini, keaslian proposalnya telah dikonfirmasi langsung oleh pejabat tinggi Israel.⁠ ⁠ Dalam dokumen tertanggal 13 Oktober 2023, Badan Intelijen Israel mengusulkan pemindahan paksa 2,3 juta warga Palestina dari Gaza ke Semenanjung Sinai, Mesir. Dokumen intelijen itu menyebut langkah ini sebagai ’solusi terbaik untuk keamanan Israel.⁠’ ⁠ Selama proses itu berlangsung, dokumen itu mengusulkan agar warga sipil Gaza diharuskan tinggal di “kota-kota tenda”, alias tempat pengungsian sementara. Sebelumnya, Israel menginstruksikan warga sipil Gaza untuk mengosongkan Gaza utara sebelum operasi darat mereka lancarkan. Dokumen mengungkapkan rencana operasi darat berurutan dari utara ke selatan Gaza. Pemindahan paksa besar-besaran, seperti yang diusulkan, dianggap sebagai ""deklarasi perang baru"" oleh juru bicara Presiden Palestina Mahmoud Abbas."
10,1-353,0,"Memasuki akhir thn, gimana udh mulai pd gila belum mau tutup tahun 🤭","Memasuki akhir thn, gimana udh mulai pd gila belum mau tutup tahun 🤭",memasuki akhir thn gimana udh mulai pd gila mau tutup tahun,"Memasuki akhir thn, gimana udh mulai pd gila belum mau tutup tahun 🤭"
